magnitude,cdi,mmi,sig,nst,dmin,gap,depth,latitude,longitude,Year,Month
7.0,8,7,768,117,0.509,17.0,14.0,-9.7963,159.596,2022,11
6.9,4,4,735,99,2.229,34.0,25.0,-4.9559,100.738,2022,11
7.0,3,3,755,147,3.125,18.0,579.0,-20.0508,-178.346,2022,11
7.3,5,5,833,149,1.865,21.0,37.0,-19.2918,-172.129,2022,11
6.6,0,2,670,131,4.998,27.0,624.464,-25.5948,178.278,2022,11
7.0,4,3,755,142,4.578,26.0,660.0,-26.0442,178.381,2022,11
6.8,1,3,711,136,4.678,22.0,630.379,-25.9678,178.363,2022,11
6.7,7,6,797,145,1.151,37.0,20.0,7.6712,-82.3396,2022,10
6.8,8,7,1179,175,2.137,92.0,20.0,18.33,-102.913,2022,9
7.6,9,8,1799,271,1.153,69.0,26.943,18.3667,-103.252,2022,9
6.9,9,9,887,215,0.401,34.0,10.0,23.1444,121.307,2022,9
6.5,7,7,756,178,0.43,54.0,10.0,23.029,121.348,2022,9
7.0,7,5,761,192,2.977,45.0,137.0,-21.2077,170.239,2022,9
7.6,8,8,965,272,3.158,12.0,116.0,-6.2237,146.471,2022,9
6.6,9,8,1043,141,8.454,34.0,12.0,29.7263,102.279,2022,9
6.6,7,6,672,68,5.293,34.0,30.0,-32.6922,-178.959,2022,8
7.0,9,8,1351,152,5.276,22.0,33.729,17.5978,120.809,2022,7
6.5,3,2,653,236,1.999,31.0,622.73,-9.0618,-71.1647,2022,6
7.2,7,5,876,144,2.494,40.0,236.0,-14.8628,-70.3081,2022,5
6.9,2,5,733,127,0.371,45.0,10.0,-54.1325,159.027,2022,5
6.8,6,5,762,162,1.505,30.0,220.0,-23.6141,-66.7236,2022,5
6.6,6,5,762,0,0.914,94.0,27.0,11.5538,-86.9919,2022,4
7.0,6,4,763,0,2.705,26.0,10.0,-22.5732,170.349,2022,3
6.9,6,4,738,0,2.697,42.0,10.0,-22.72,170.277,2022,3
6.7,8,7,806,0,0.289,32.0,24.0,23.3421,121.636,2022,3
7.3,9,8,2397,0,2.936,29.0,41.0,37.7015,141.587,2022,3
6.7,9,6,708,0,2.188,43.0,28.0,-0.6831,98.6034,2022,3
6.6,2,7,670,0,0.827,46.0,24.0,-30.0528,-177.74,2022,3
6.8,2,3,712,0,5.78,12.0,535.0,-23.7852,-179.968,2022,2
6.5,8,6,690,0,3.026,22.0,110.0,-4.455,-76.9395,2022,2
6.5,7,4,651,0,1.088,57.0,8.0,-29.535,-176.729,2022,1
6.6,8,6,785,0,2.418,22.0,33.0,-6.9291,105.251,2022,1
6.5,0,3,650,97,1.61607,108.0,37.0,52.502,-168.08,2022,1
6.5,0,3,650,23,0.0,208.8,37.0,52.502,-168.08,2022,1
6.6,8,5,674,0,0.507,49.0,19.0,52.6252,-168.15,2022,1
6.7,0,4,691,50,0.936943,126.0,33.0,52.48,-167.736,2022,1
6.7,0,4,691,20,0.0,205.2,33.0,52.48,-167.736,2022,1
6.8,7,6,730,0,0.92,61.0,20.0,52.6563,-167.917,2022,1
6.6,6,6,976,0,1.168,21.0,21.0,35.1456,31.9095,2022,1
6.6,9,8,1012,0,2.685,13.0,13.0,37.8167,101.299,2022,1
7.3,8,7,921,0,3.713,19.0,165.49,-7.5924,127.581,2021,12
7.3,9,5,854,0,1.025,32.0,14.27,-7.6033,122.2,2021,12
7.5,8,8,1094,0,4.951,40.0,126.0,-4.4898,-76.8461,2021,11
6.6,7,4,688,0,3.259,15.0,12.0,23.5414,126.48,2021,11
6.9,8,6,995,0,0.0,0.0,51.6,56.2581,-156.492,2021,10
6.9,4,3,740,0,4.778,31.0,535.0,-21.1704,174.54,2021,10
7.3,4,4,826,0,4.493,32.0,527.0,-21.1036,174.895,2021,10
6.5,7,5,684,0,0.993,114.0,21.0,12.1598,-87.8542,2021,9
7.0,8,8,2504,0,0.07,43.0,20.0,16.9502,-99.7877,2021,9
7.1,1,4,776,0,9.799,32.0,6.0,-60.3026,-24.9992,2021,8
6.6,1,3,670,0,8.865,19.0,7.0,-60.1023,-24.4608,2021,8
6.9,8,7,741,0,0.579,54.0,93.0,-14.892,167.085,2021,8
6.9,6,4,734,0,8.363,48.0,16.7,-58.3814,-23.3318,2021,8
7.2,9,8,2331,0,1.178,23.0,10.0,18.3521,-73.4804,2021,8
6.9,5,4,738,0,0.0,0.0,33.3,55.2364,-157.707,2021,8
6.9,5,4,738,0,1.173,36.0,20.74,55.2657,-157.68,2021,8
8.1,0,7,1009,0,7.463,78.0,22.79,-58.4157,-25.3206,2021,8
7.5,9,6,868,0,7.227,38.0,47.23,-57.5959,-25.1874,2021,8
7.1,9,7,846,0,1.273,25.0,55.14,6.4547,126.742,2021,8
8.2,8,6,1237,0,0.875,66.0,46.66,55.4742,-157.917,2021,7
8.2,8,7,1252,0,0.0,0.0,35.0,55.3154,-157.829,2021,7
6.7,8,5,935,0,8.139,12.0,110.0,13.6989,120.713,2021,7
6.7,6,6,830,0,1.395,61.0,10.0,7.5904,-82.8813,2021,7
6.5,0,4,650,0,7.994,24.0,25.0,-30.2144,-177.773,2021,6
6.5,5,7,652,0,4.518,44.0,10.0,-16.4796,-177.356,2021,5
7.3,9,9,1025,0,4.655,9.0,10.0,34.5861,98.2551,2021,5
6.7,8,4,698,0,1.487,37.0,11.0,0.1684,96.6475,2021,5
6.7,9,3,694,0,10.669,45.0,10.0,-17.2495,66.3745,2021,5
6.9,7,6,919,0,2.619,35.0,43.0,38.2296,141.665,2021,5
6.5,4,4,651,0,5.931,20.0,246.0,-21.6857,-177.064,2021,4
6.5,6,4,652,0,10.405,19.0,301.0,-18.9204,-176.235,2021,4
7.0,7,7,1052,0,2.378,35.0,43.0,38.4752,141.607,2021,3
6.6,5,5,672,0,3.183,18.0,13.23,54.7018,163.208,2021,3
6.5,0,4,650,0,11.764,25.0,24.0,-28.4792,-176.619,2021,3
8.1,9,8,1021,0,0.739,21.0,28.93,-29.7466,-177.224,2021,3
7.4,3,7,843,0,0.437,30.0,43.0,-29.6131,-177.842,2021,3
7.3,7,6,932,0,0.918,24.0,10.0,-37.596,179.544,2021,3
7.1,9,8,1612,0,3.085,11.0,43.98,37.6856,141.992,2021,2
7.7,9,4,918,0,7.989,15.0,10.0,-23.2787,171.489,2021,2
6.9,9,5,739,0,1.55,16.0,15.0,-61.8484,-55.559,2021,1
7.0,7,5,802,0,2.821,15.0,80.0,5.0074,127.517,2021,1
6.7,8,8,776,0,2.043,22.0,10.0,51.2407,100.443,2021,1
6.7,5,5,776,0,1.319,19.0,10.0,-39.3264,-74.9067,2020,12
7.0,8,7,1527,0,1.518,18.0,21.0,37.8973,26.7953,2020,10
7.6,9,7,1165,0,0.23,36.0,28.37,54.662,-159.675,2020,10
6.9,0,3,732,0,11.255,16.0,10.0,0.9604,-26.8332,2020,9
6.5,6,6,674,0,0.388,49.0,16.0,-27.9285,-71.3937,2020,9
6.8,6,7,824,0,0.312,69.0,21.0,-28.013,-71.1958,2020,9
6.5,4,5,651,0,15.394,31.0,10.0,0.8696,-29.7046,2020,8
6.9,4,3,749,0,2.267,20.0,624.0,-6.6704,123.493,2020,8
6.9,4,4,735,0,1.716,25.0,26.0,-4.2791,101.215,2020,8
6.8,5,4,716,0,1.816,34.0,22.0,-4.3724,101.095,2020,8
6.6,9,8,784,0,5.128,14.0,10.0,12.0065,124.13,2020,8
7.8,9,7,1111,0,0.621,60.0,28.0,55.1079,-158.477,2020,7
7.0,6,7,820,0,1.671,18.0,73.0,-7.847,147.755,2020,7
6.6,4,2,684,0,1.458,14.0,533.76,-5.6368,110.678,2020,7
7.4,8,8,1494,0,0.151,30.0,20.0,15.9163,-95.9533,2020,6
7.4,7,7,873,0,4.035,23.0,10.0,-33.2938,-177.838,2020,6
6.6,5,4,734,0,2.015,18.0,165.0,28.9386,128.262,2020,6
6.8,6,6,835,0,1.164,21.0,112.0,-23.2966,-68.4204,2020,6
6.5,7,8,1320,27,0.357,55.79,2.7,38.1689,-117.85,2020,5
6.6,4,6,671,0,3.403,12.0,107.0,-12.0662,166.648,2020,5
6.8,4,6,738,0,1.921,16.0,96.0,-6.7762,129.785,2020,5
6.5,7,6,678,0,1.293,19.0,10.0,34.1818,25.7101,2020,5
6.5,8,8,1410,0,0.885,31.0,12.06,44.4646,-115.118,2020,3
7.5,6,5,879,0,4.109,12.0,57.8,48.9638,157.695,2020,3
7.0,5,6,770,0,4.501,25.0,143.0,45.6161,148.959,2020,2
7.7,9,6,1812,0,1.657,26.0,14.86,19.4193,-78.756,2020,1
6.7,8,9,1247,0,0.87,49.0,10.0,38.4312,39.0609,2020,1
6.8,9,7,825,0,0.546,39.0,18.0,6.6969,125.174,2019,12
7.1,6,6,799,0,1.271,11.0,33.0,1.6213,126.416,2019,11
6.5,0,2,650,0,4.765,25.0,577.0,-21.9449,-179.511,2019,11
6.6,4,4,673,0,5.086,48.0,10.0,-18.5747,-175.272,2019,11
6.5,9,7,733,0,0.428,19.0,10.0,6.9098,125.178,2019,10
6.6,9,7,780,0,0.646,24.0,15.0,6.7567,125.008,2019,10
6.7,7,6,844,0,1.269,98.0,11.0,-35.4758,-73.163,2019,9
6.5,7,7,656,0,3.909,15.0,12.26,-3.4528,128.37,2019,9
6.6,2,3,671,0,4.121,19.0,591.0,-20.3641,-178.57,2019,9
6.6,0,4,670,0,12.896,19.0,16.0,-60.2152,-26.5801,2019,8
6.9,4,6,875,0,2.839,23.0,49.0,-7.2822,104.791,2019,8
6.8,6,6,947,0,0.817,35.0,25.0,-34.2364,-72.3102,2019,8
6.6,0,4,670,0,6.024,30.0,181.0,-16.1985,167.998,2019,7
7.2,7,7,809,0,1.504,38.0,18.98,-0.5858,128.034,2019,7
6.6,5,5,791,0,2.978,32.0,10.0,-18.2242,120.358,2019,7
6.9,7,5,747,0,1.205,21.0,35.0,0.5126,126.189,2019,7
7.1,9,9,1646,77,0.04616,43.0,8.0,35.7695,-117.599,2019,7
7.3,4,6,952,0,2.629,16.0,212.0,-6.4078,129.169,2019,6
7.3,8,6,830,0,1.402,11.0,46.0,-30.6441,-178.1,2019,6
6.6,7,6,886,0,1.193,22.0,57.92,13.1994,-89.3056,2019,5
8.0,9,8,1890,0,3.18,17.0,122.57,-5.8119,-75.2697,2019,5
7.6,7,7,929,0,0.453,16.0,10.0,-4.051,152.597,2019,5
7.1,7,6,826,0,2.514,16.0,146.0,-6.9746,146.449,2019,5
6.8,5,6,717,0,0.791,28.0,15.46,-1.8146,122.58,2019,4
6.5,0,5,650,0,7.568,18.0,38.0,-58.6262,-25.304,2019,4
7.0,7,4,869,0,2.501,42.0,267.0,-14.7131,-70.1546,2019,3
7.5,7,7,1145,0,2.045,15.0,145.0,-2.1862,-77.0505,2019,2
6.7,6,6,909,0,0.289,43.0,66.0,14.6802,-92.4527,2019,2
6.7,0,3,691,0,7.527,17.0,13.0,-43.1219,42.3568,2019,1
6.7,8,8,1600,0,0.173,22.0,63.0,-30.0404,-71.3815,2019,1
6.6,5,4,671,0,7.818,18.0,35.0,-13.336,166.875,2019,1
6.6,2,4,672,0,1.596,33.0,43.21,2.258,126.758,2019,1
6.8,3,3,715,0,1.181,16.0,570.41,-8.144,-71.587,2019,1
7.0,5,5,803,0,1.769,21.0,60.21,5.8983,126.921,2018,12
7.3,3,7,822,0,4.126,23.0,16.56,55.0999,164.699,2018,12
7.1,0,5,776,0,7.043,20.0,133.0,-58.5446,-26.3856,2018,12
6.6,0,4,670,0,2.679,31.0,10.0,-22.0629,169.733,2018,12
7.5,3,6,871,0,2.405,18.0,10.0,-21.9496,169.427,2018,12
7.1,8,8,1790,0,0.0,0.0,46.7,61.3464,-149.955,2018,11
6.8,0,3,711,0,2.879,39.0,540.0,-17.8735,-178.927,2018,11
6.7,3,4,693,0,7.853,19.0,10.0,71.6312,-11.2431,2018,11
6.8,8,7,954,0,2.268,15.0,14.0,37.5203,20.5565,2018,10
6.5,2,4,655,0,1.692,68.0,10.0,49.297,-129.724,2018,10
6.8,4,4,776,0,1.505,36.0,10.0,49.3346,-129.289,2018,10
6.5,3,4,669,0,1.611,63.0,10.0,49.2586,-129.412,2018,10
6.5,0,4,650,0,2.109,22.0,17.0,-21.7427,169.522,2018,10
6.7,0,3,691,0,2.705,17.0,461.0,52.8549,153.243,2018,10
6.5,0,4,650,0,3.923,14.0,20.0,49.2902,156.297,2018,10
7.0,6,6,758,0,1.778,18.0,39.0,-5.7012,151.205,2018,10
6.7,2,3,691,0,3.745,23.0,550.0,-18.3604,-178.063,2018,9
7.5,8,8,2026,0,1.649,13.0,20.0,-0.2559,119.846,2018,9
6.5,4,1,651,0,5.139,18.0,576.0,-25.415,178.199,2018,9
6.9,3,4,735,0,2.785,18.0,115.0,-31.7447,-179.373,2018,9
6.5,3,6,651,0,1.638,25.0,68.0,-10.0207,161.503,2018,9
7.9,7,4,979,0,1.431,12.0,670.81,-18.4743,179.35,2018,9
6.6,8,9,1075,0,1.13,32.0,35.0,42.6861,141.929,2018,9
7.1,2,5,776,0,2.548,23.0,21.43,-22.0295,170.126,2018,8
7.1,0,3,776,0,3.77,12.0,630.0,-11.0355,-70.8284,2018,8
6.5,6,7,652,0,4.797,10.0,9.0,-16.0315,168.143,2018,8
7.3,8,6,1570,0,1.822,15.0,146.82,10.7731,-62.9019,2018,8
6.9,7,7,1206,0,2.453,31.0,21.0,-8.319,116.627,2018,8
8.2,5,4,1050,0,3.63,13.0,600.0,-18.1125,-178.153,2018,8
6.5,5,3,743,0,2.719,23.0,529.0,-7.3718,119.802,2018,8
6.5,6,6,655,0,0.576,22.0,33.93,51.4234,-178.026,2018,8
6.9,9,8,1704,0,2.271,15.0,34.0,-8.2581,116.438,2018,8
6.9,7,8,1392,63,0.11,210.0,5.81,19.3182,-155.0,2018,5
6.8,5,3,733,0,5.32,16.0,559.0,-20.6588,-63.0058,2018,4
6.9,9,6,741,0,1.487,18.0,35.0,-5.5321,151.5,2018,3
6.7,5,6,696,0,1.507,15.0,40.0,-5.5024,151.402,2018,3
6.8,6,6,719,0,1.049,16.0,22.86,-4.3762,153.2,2018,3
6.7,8,7,697,0,5.457,19.0,20.49,-6.3043,142.612,2018,3
7.5,9,8,943,0,5.48,17.0,25.21,-6.0699,142.754,2018,2
7.2,7,7,1384,0,0.142,82.0,22.0,16.3855,-97.9787,2018,2
7.9,9,4,1870,0,2.585,30.0,14.06,56.0039,-149.166,2018,1
7.1,9,7,1075,0,4.29,23.0,39.0,-15.7675,-74.7092,2018,1
7.5,8,5,1623,0,4.581,12.0,19.0,17.4825,-83.52,2018,1
6.5,8,7,998,0,2.365,28.0,90.0,-7.4921,108.174,2017,12
6.5,1,5,651,0,17.654,23.0,17.0,-54.2189,2.1628,2017,12
7.0,4,6,771,0,0.617,14.0,10.0,-21.3246,168.671,2017,11
6.6,4,5,676,0,0.529,21.0,13.0,-21.5027,168.598,2017,11
6.5,8,8,1153,0,0.225,37.0,19.36,9.5147,-84.4865,2017,11
7.3,8,9,2790,0,0.284,33.0,19.0,34.9109,45.9592,2017,11
6.5,6,5,661,0,4.449,10.0,110.57,-4.2433,143.485,2017,11
6.8,5,5,727,0,4.852,21.0,10.0,-15.3197,-173.168,2017,11
6.6,3,5,674,0,0.788,29.0,22.0,-21.6484,168.859,2017,11
6.7,3,4,691,0,1.062,55.0,24.0,-21.6971,169.148,2017,10
6.7,3,3,694,0,1.634,16.0,553.81,-7.2168,123.074,2017,10
6.5,3,5,651,0,1.154,11.0,119.0,52.3909,176.769,2017,10
7.1,9,8,1686,0,0.984,23.0,48.0,18.5499,-98.4887,2017,9
8.2,9,7,2910,0,0.944,22.0,47.39,15.0222,-93.8993,2017,9
6.5,5,7,707,0,11.411,22.0,9.0,33.1926,103.855,2017,8
6.6,7,7,1064,0,0.913,16.0,7.0,36.9293,27.4139,2017,7
7.7,8,7,918,0,3.564,13.0,10.0,54.4434,168.857,2017,7
6.6,5,4,704,0,3.773,37.0,10.0,-49.4837,164.016,2017,7
6.5,9,8,740,0,4.139,30.0,9.0,11.1269,124.629,2017,7
6.8,6,6,1034,0,1.065,38.0,38.12,13.7174,-90.9718,2017,6
6.9,8,6,1188,0,0.247,35.0,93.0,14.9091,-92.0092,2017,6
6.8,0,4,711,0,2.308,12.0,5.0,54.0312,170.92,2017,6
6.6,7,7,678,0,2.353,18.0,12.0,-1.2923,120.431,2017,5
6.5,0,4,650,0,6.489,17.0,15.0,-56.414,-25.7432,2017,5
6.8,6,5,713,0,7.495,19.0,169.0,-14.5884,167.377,2017,5
6.9,9,6,814,0,1.636,14.0,26.0,5.5043,125.066,2017,4
6.9,9,7,1642,0,0.356,39.0,28.0,-33.0375,-72.0617,2017,4
6.5,7,8,1297,0,2.36,15.0,29.0,-22.6784,25.1558,2017,4
6.6,6,7,671,0,4.591,14.0,17.0,56.9401,162.786,2017,3
6.9,2,3,733,0,6.012,19.0,414.5,-23.2593,-178.804,2017,2
6.5,3,3,653,0,4.242,14.0,595.98,-19.2814,-63.9047,2017,2
6.5,8,7,718,0,2.822,36.0,15.0,9.9071,125.452,2017,2
7.9,9,7,987,0,3.625,9.0,135.0,-6.2464,155.172,2017,1
6.5,6,6,654,0,1.64,21.0,36.0,-10.3506,161.335,2017,1
7.3,6,3,849,0,3.813,18.0,627.17,4.4782,122.617,2017,1
6.9,6,4,742,0,2.495,13.0,12.0,-19.3733,176.052,2017,1
7.6,9,8,1152,0,0.355,29.0,38.0,-43.4064,-73.9413,2016,12
6.7,5,5,726,0,3.38,17.0,152.0,-7.5082,127.921,2016,12
7.9,9,7,972,0,1.389,13.0,94.54,-4.5049,153.522,2016,12
6.9,8,6,737,0,1.747,26.0,19.73,-10.749,161.132,2016,12
6.5,0,5,650,0,1.937,18.0,12.26,-10.8416,161.314,2016,12
7.8,9,8,961,0,1.836,13.0,40.0,-10.6812,161.327,2016,12
6.6,5,4,1120,0,1.405,55.0,8.45,40.4535,-126.194,2016,12
6.5,9,8,731,0,0.778,27.0,13.0,5.2834,96.1678,2016,12
6.6,8,7,693,0,1.697,20.0,17.0,39.2732,73.9776,2016,11
6.9,5,4,855,0,1.796,20.0,10.0,11.9097,-88.8968,2016,11
6.9,9,6,1144,0,0.671,10.0,9.0,37.3931,141.387,2016,11
6.5,7,7,664,0,0.283,56.0,9.0,-42.6058,173.254,2016,11
6.5,6,7,656,0,0.135,58.0,10.0,-42.3205,173.669,2016,11
7.8,9,9,1545,0,0.481,21.0,15.11,-42.7373,173.054,2016,11
6.6,9,8,2840,0,0.174,25.0,8.0,42.8621,13.0961,2016,10
6.6,3,3,677,0,2.022,16.0,614.0,-4.8626,108.163,2016,10
6.8,3,6,716,0,3.727,11.0,42.0,-6.0033,148.887,2016,10
6.9,2,3,733,0,4.051,9.0,596.4,-19.7819,-178.244,2016,9
7.0,5,6,897,0,0.698,21.0,19.0,-37.3586,179.146,2016,9
6.8,4,3,713,0,0.803,12.0,476.0,-3.6849,152.792,2016,8
6.8,6,6,981,0,1.802,17.0,82.0,20.9228,94.569,2016,8
7.2,6,5,799,0,4.823,14.0,16.37,-22.4765,173.117,2016,8
7.7,5,6,971,0,3.294,14.0,196.0,18.5429,145.507,2016,7
6.6,4,6,671,0,2.435,16.0,50.0,-2.0967,100.665,2016,6
7.2,1,6,798,0,5.803,24.0,78.0,-56.2409,-26.9353,2016,5
6.9,3,3,733,0,5.485,19.0,405.69,-21.9724,-178.204,2016,5
6.9,8,7,780,0,1.192,17.0,29.95,0.4947,-79.616,2016,5
6.7,5,7,744,0,1.352,21.0,16.0,0.4261,-79.7899,2016,5
7.0,7,7,755,0,0.616,14.0,24.0,-16.0429,167.379,2016,4
7.8,9,9,1163,0,1.44,15.0,20.59,0.3819,-79.9218,2016,4
7.0,9,9,2074,0,0.349,32.0,10.0,32.7906,130.754,2016,4
6.9,6,6,903,0,3.001,14.0,136.0,23.0944,94.8654,2016,4
6.6,6,4,738,0,0.789,17.0,212.0,36.4725,71.1311,2016,4
6.7,7,5,692,0,6.787,25.0,27.59,-13.9805,166.594,2016,4
6.7,7,6,691,0,6.697,19.0,24.0,-14.0683,166.624,2016,4
6.9,7,6,734,0,1.166,25.0,26.0,-14.3235,166.855,2016,4
7.8,4,3,948,0,7.009,20.0,24.0,-4.9521,94.3299,2016,3
7.2,3,7,799,0,0.958,17.0,177.0,53.9776,158.546,2016,1
7.1,7,7,1496,0,0.0,0.0,125.6,59.6204,-153.339,2016,1
6.6,3,4,673,0,2.413,74.0,10.0,18.8239,-106.934,2016,1
6.7,5,6,717,0,0.281,22.0,46.0,41.9723,142.781,2016,1
6.5,3,6,651,0,3.144,22.0,13.0,3.8965,126.862,2016,1
6.7,8,7,1515,0,1.794,16.0,55.0,24.8036,93.6505,2016,1
6.6,8,6,765,0,0.41,35.0,85.0,15.8015,-93.633,2015,12
6.9,8,5,738,0,2.979,14.0,21.0,-4.1064,129.508,2015,12
7.2,4,7,827,0,1.116,18.0,22.0,38.2107,72.7797,2015,12
6.7,2,3,691,0,2.033,19.0,602.75,-9.1825,-71.2574,2015,11
7.6,5,4,896,0,2.852,10.0,620.56,-10.0598,-71.0184,2015,11
7.6,6,5,957,0,3.287,10.0,606.21,-10.5372,-70.9437,2015,11
6.8,5,6,715,0,1.599,19.0,12.59,-8.8994,158.422,2015,11
6.5,7,7,1018,0,0.0,0.0,11.0,38.67,20.6,2015,11
6.7,5,4,702,0,1.444,17.0,12.0,31.0009,128.873,2015,11
6.9,5,6,744,0,0.821,43.0,10.0,-29.5097,-72.0585,2015,11
6.9,6,6,761,0,0.784,32.0,12.0,-29.5067,-72.0068,2015,11
6.6,7,4,675,0,2.792,31.0,10.0,6.8431,94.648,2015,11
6.8,7,7,841,0,0.258,41.0,46.0,-30.8796,-71.4519,2015,11
6.5,5,7,657,0,1.53,21.0,20.0,-8.3381,124.875,2015,11
7.5,8,7,1448,0,0.622,18.0,231.0,36.5244,70.3676,2015,10
7.1,6,6,780,0,0.592,11.0,135.0,-14.8595,167.303,2015,10
6.6,7,7,671,0,2.486,13.0,18.0,-0.6212,131.262,2015,9
6.6,5,7,820,0,1.064,14.0,35.0,-31.7275,-71.3792,2015,9
6.7,5,7,718,0,0.853,35.0,23.0,-31.5173,-71.804,2015,9
6.5,6,7,657,0,0.749,62.0,27.0,-31.4244,-71.6876,2015,9
7.0,8,7,799,0,0.903,13.0,28.41,-31.5622,-71.4262,2015,9
8.3,9,8,1960,0,0.684,19.0,22.44,-31.5729,-71.6744,2015,9
6.7,5,5,708,0,1.256,123.0,10.0,24.913,-109.623,2015,9
6.5,0,5,650,0,2.045,16.0,6.43,-9.3293,157.877,2015,8
6.6,3,5,671,0,1.872,20.0,22.0,-9.3438,158.053,2015,8
7.0,9,7,762,0,6.278,12.0,48.0,-2.6286,138.528,2015,7
6.9,4,7,734,0,0.444,39.0,29.0,52.376,-169.446,2015,7
7.0,8,6,759,0,5.205,22.0,11.0,-10.4012,165.141,2015,7
6.5,4,4,686,0,1.218,20.0,20.0,13.8672,-58.5479,2015,7
6.7,4,5,691,0,1.529,11.0,12.0,-9.307,158.403,2015,7
6.5,3,4,652,0,2.277,11.0,460.0,27.7375,139.725,2015,6
7.8,6,3,1151,0,1.675,12.0,664.0,27.8386,140.493,2015,5
6.8,5,6,762,0,0.0,0.0,72.6,56.594,-156.43,2015,5
6.8,1,5,711,0,3.619,18.0,10.0,-11.1093,163.215,2015,5
6.9,1,4,732,0,4.024,22.0,11.19,-11.0559,163.696,2015,5
6.8,1,4,711,0,4.395,15.0,11.0,-10.8759,164.169,2015,5
6.8,8,6,831,0,1.422,8.0,35.0,38.9056,142.032,2015,5
7.3,8,7,1563,0,0.677,11.0,15.0,27.8087,86.0655,2015,5
7.1,1,6,776,0,3.835,11.0,10.0,-7.2175,154.557,2015,5
7.5,7,8,869,0,1.295,22.0,55.0,-5.4624,151.875,2015,5
6.8,5,6,714,0,1.074,23.0,44.0,-5.2005,151.777,2015,5
6.7,5,6,692,0,1.239,12.0,31.0,-5.375,151.771,2015,4
6.7,7,7,1016,0,0.727,13.0,22.91,27.7711,86.0173,2015,4
6.6,8,7,733,0,1.778,16.0,10.0,28.2244,84.8216,2015,4
7.8,8,9,2820,0,1.857,12.0,8.22,28.2305,84.7314,2015,4
6.5,0,5,650,0,3.702,42.0,10.0,-15.8815,-178.6,2015,4
6.5,2,5,650,0,4.629,36.0,11.0,-15.4994,-173.029,2015,3
7.5,6,7,872,0,0.666,19.0,41.0,-4.7294,152.562,2015,3
7.0,4,6,760,0,1.362,12.0,552.06,-7.2968,122.535,2015,2
6.7,5,5,714,0,1.925,20.0,23.0,39.8558,142.881,2015,2
6.7,4,6,700,0,2.11,16.0,223.0,-23.1125,-66.688,2015,2
6.8,1,4,711,0,2.019,13.0,219.96,-17.0309,168.52,2015,1
6.5,1,4,650,0,4.318,61.0,8.0,5.9045,-82.6576,2015,1
6.6,7,6,709,0,2.485,43.0,20.0,7.9401,-82.6865,2014,12
6.6,1,5,670,0,3.246,12.0,23.0,-6.5108,154.46,2014,12
6.6,1,3,670,0,2.6,9.0,614.0,6.1572,123.126,2014,12
6.8,6,5,713,0,1.421,19.0,39.0,1.9604,126.575,2014,11
6.5,5,5,652,0,1.549,9.0,35.0,2.2999,127.056,2014,11
6.7,7,4,698,0,1.079,25.0,22.0,-37.6478,179.662,2014,11
7.1,4,6,779,0,1.397,18.0,45.0,1.8929,126.522,2014,11
6.6,2,6,671,0,3.557,13.0,53.19,-5.9873,148.232,2014,11
7.1,3,6,776,0,4.415,13.0,434.0,-19.6903,-177.759,2014,11
7.3,8,6,982,0,1.078,18.0,40.0,12.5262,-88.1225,2014,10
6.7,5,5,724,0,0.46,11.0,130.0,13.7641,144.429,2014,9
6.8,6,6,741,0,4.107,18.0,101.0,-14.598,-73.5714,2014,8
6.9,0,4,732,0,6.393,12.0,13.0,0.8295,146.169,2014,8
6.9,0,6,732,0,3.934,15.0,615.42,-19.8015,-178.4,2014,7
6.5,5,4,706,0,2.421,9.0,20.0,37.0052,142.452,2014,7
6.9,8,7,1079,0,0.263,51.0,53.0,14.724,-92.4614,2014,7
6.5,0,4,650,0,2.124,15.0,20.0,-6.2304,152.807,2014,7
6.7,0,5,691,0,6.713,45.0,18.0,-14.9831,-175.51,2014,6
6.9,0,5,732,0,4.838,25.0,8.0,-55.4703,-28.3669,2014,6
7.9,6,8,963,0,0.133,22.0,109.0,51.8486,178.735,2014,6
6.7,0,5,691,0,0.748,43.0,26.59,-29.9414,-177.607,2014,6
6.5,0,5,650,0,0.778,30.0,10.0,-29.9379,-177.516,2014,6
6.9,0,5,732,0,0.751,35.0,20.0,-29.9772,-177.725,2014,6
6.9,9,7,951,0,0.402,25.0,6.43,40.2893,25.3889,2014,5
6.5,7,5,694,0,3.121,33.0,10.0,7.2096,-82.3045,2014,5
6.6,0,5,670,0,3.34,10.0,106.0,-21.4542,170.355,2014,5
6.5,4,6,838,0,0.0,0.0,10.0,49.6388,-127.732,2014,4
7.5,0,6,865,0,3.82,16.0,43.37,-6.7547,155.024,2014,4
6.6,0,6,670,0,3.803,11.0,29.0,-6.6558,155.087,2014,4
7.2,8,7,1017,0,2.25,46.0,24.0,17.397,-100.972,2014,4
6.6,0,6,670,0,2.666,22.0,10.0,-11.1284,162.052,2014,4
7.4,0,6,842,0,2.885,17.0,39.0,-11.4633,162.051,2014,4
7.6,0,7,889,0,2.828,13.0,22.56,-11.2701,162.148,2014,4
6.6,6,5,677,0,0.761,20.0,135.0,11.642,-85.8779,2014,4
6.5,0,6,650,0,3.787,16.0,20.0,-6.7878,154.95,2014,4
7.1,0,7,776,0,3.729,21.0,60.53,-6.5858,155.048,2014,4
7.7,8,9,1057,0,1.029,44.0,22.4,-20.5709,-70.4931,2014,4
6.5,7,7,670,0,0.828,82.0,24.07,-20.3113,-70.5756,2014,4
6.9,0,5,732,0,0.828,119.0,28.42,-19.8927,-70.9455,2014,4
8.2,9,8,1332,0,0.609,23.0,25.0,-19.6097,-70.7691,2014,4
6.7,7,7,718,0,1.008,44.0,20.0,-19.9807,-70.7022,2014,3
6.8,5,5,1211,112,0.6568,229.0,16.441,40.8287,-125.134,2014,3
6.5,4,5,668,0,1.001,17.0,119.0,27.4312,127.367,2014,3
6.5,5,4,681,0,1.635,30.0,14.83,14.6682,-58.9272,2014,2
6.9,3,8,733,0,7.496,18.0,10.0,35.9053,82.5864,2014,2
6.5,0,5,650,0,0.409,20.0,122.0,-15.0691,167.372,2014,2
6.5,0,3,650,0,3.651,22.0,44.26,-32.9076,-177.881,2014,2
6.5,0,4,650,0,3.997,14.0,187.0,-13.8633,167.249,2014,1
6.5,3,4,651,0,5.194,22.0,371.0,-17.1171,-176.545,2013,11
7.7,1,8,912,0,8.05,23.0,10.0,-60.2738,-46.4011,2013,11
6.9,0,5,732,0,8.284,17.0,9.97,-60.2627,-47.0621,2013,11
6.6,6,7,723,0,0.636,31.0,27.0,-30.2921,-71.5215,2013,10
7.1,6,4,872,0,3.968,10.0,35.0,37.1557,144.661,2013,10
6.6,8,5,692,0,1.98,44.0,9.45,26.0913,-110.321,2013,10
6.8,0,6,711,0,5.79,9.0,35.0,-6.4456,154.931,2013,10
7.1,9,8,1092,0,3.144,12.0,19.04,9.8796,124.117,2013,10
6.6,5,6,691,0,1.984,40.0,40.0,35.5142,23.2523,2013,10
6.7,0,3,691,0,2.958,11.0,573.0,53.1995,152.786,2013,10
6.5,0,4,650,0,1.709,21.0,41.54,-30.9255,-178.323,2013,9
6.8,7,7,1005,0,7.359,17.0,12.0,27.1825,65.5052,2013,9
7.1,8,7,843,0,4.446,17.0,40.0,-15.8385,-74.5112,2013,9
7.7,5,8,2015,0,7.241,17.0,15.0,26.951,65.5009,2013,9
6.5,0,6,650,0,0.735,24.0,20.0,51.5573,-174.767,2013,9
6.5,5,3,739,0,3.276,26.0,402.0,29.9377,138.833,2013,9
6.5,4,5,668,0,3.097,11.0,112.0,-7.44,128.221,2013,9
7.0,5,6,758,0,0.624,53.0,29.0,51.537,-175.23,2013,8
6.5,9,7,690,0,0.0,0.0,8.2,-41.734,174.152,2013,8
6.7,4,5,715,0,3.741,22.0,12.0,5.7732,-78.1999,2013,8
6.5,6,7,693,229,0.0,20.0,17.0,-41.704,174.337,2013,7
7.3,0,6,820,398,0.0,43.0,11.0,-60.857,-25.07,2013,7
6.6,4,6,674,139,0.0,14.0,56.0,-6.029,149.706,2013,7
7.3,0,4,820,117,0.0,24.0,385.5,-3.917,153.927,2013,7
6.6,0,7,670,111,0.0,16.0,10.0,10.701,-42.594,2013,6
6.5,5,6,679,698,0.0,27.0,30.0,11.763,-86.926,2013,6
6.7,5,4,710,515,0.0,24.0,9.0,-10.004,107.236,2013,6
6.7,0,3,691,217,0.0,25.2,624.0,52.235,151.444,2013,5
8.3,5,5,1115,385,0.0,10.0,598.1,54.892,153.221,2013,5
7.4,0,6,842,626,0.0,16.0,173.7,-23.009,-177.232,2013,5
6.8,0,3,711,131,0.0,18.0,602.2,18.728,145.288,2013,5
6.5,0,6,650,264,0.0,16.6,10.0,-3.898,152.127,2013,4
6.6,8,8,2083,548,0.0,12.6,14.0,30.308,102.888,2013,4
7.2,5,7,804,770,0.0,10.1,110.0,46.221,150.788,2013,4
6.6,7,7,672,445,0.0,11.0,13.0,-3.214,142.542,2013,4
7.7,8,8,1421,506,0.0,26.6,80.0,28.033,61.996,2013,4
6.6,0,5,670,491,0.0,11.5,31.0,-6.475,154.607,2013,4
7.0,3,7,755,640,0.0,11.4,66.0,-3.517,138.476,2013,4
6.5,0,6,650,317,0.0,14.2,28.0,-6.598,148.174,2013,3
6.5,3,6,651,480,0.0,20.7,29.0,50.958,157.408,2013,3
6.9,5,6,736,531,0.0,20.7,41.0,50.954,157.283,2013,2
6.6,0,7,670,697,0.0,15.3,11.0,67.631,142.508,2013,2
6.6,0,6,670,421,0.0,16.6,18.0,-10.994,165.741,2013,2
6.9,5,5,904,562,0.0,23.7,145.0,1.135,-77.393,2013,2
7.1,9,6,780,334,0.0,16.5,21.0,-10.928,166.018,2013,2
6.8,0,7,711,400,0.0,17.5,12.0,-10.838,165.969,2013,2
6.7,0,6,691,387,0.0,26.5,11.0,-10.997,165.655,2013,2
7.0,0,6,754,445,0.0,17.5,8.8,-10.499,165.588,2013,2
7.1,0,5,776,550,0.0,18.4,10.0,-11.183,164.882,2013,2
8.0,8,7,993,460,0.0,20.9,24.0,-10.799,165.114,2013,2
6.9,6,7,814,686,0.0,28.0,107.0,42.77,143.092,2013,2
6.8,6,7,771,596,0.0,19.3,45.0,-28.094,-70.653,2013,1
7.5,6,6,1425,0,0.0,0.0,8.7,55.228,-134.859,2013,1
6.7,0,4,691,521,0.0,13.7,200.7,-14.344,167.286,2012,12
7.1,5,5,843,517,0.0,8.7,155.0,-6.533,129.825,2012,12
7.3,6,5,1014,918,0.0,14.8,31.0,37.89,143.949,2012,12
6.5,4,5,708,598,0.0,57.3,20.0,14.129,-92.164,2012,11
6.8,7,6,795,391,0.0,13.7,13.7,23.005,95.885,2012,11
7.4,8,7,1455,751,0.0,25.5,24.0,13.988,-91.895,2012,11
7.8,8,7,1726,807,0.0,42.7,14.0,52.788,-132.101,2012,10
6.5,6,6,745,691,0.0,34.4,17.0,10.086,-85.298,2012,10
6.6,3,5,675,291,0.0,17.7,13.0,-4.892,134.03,2012,10
7.3,7,6,1221,934,0.0,15.5,170.0,1.929,-76.362,2012,9
7.6,8,7,1555,703,0.0,34.3,35.0,10.085,-85.315,2012,9
7.6,8,5,1115,682,0.0,10.2,28.0,10.811,126.638,2012,8
7.3,5,5,994,417,0.0,37.0,28.0,12.139,-88.59,2012,8
6.6,4,5,678,497,0.0,14.6,91.1,2.19,126.837,2012,8
7.7,7,4,941,862,0.0,13.8,583.2,49.8,145.064,2012,8
6.5,5,6,653,576,0.0,11.7,41.0,-4.651,153.173,2012,7
6.6,4,5,675,529,0.0,15.7,134.7,-18.685,-174.705,2012,4
6.7,0,7,691,370,0.0,15.4,16.0,-1.617,134.276,2012,4
6.8,6,5,732,597,0.0,12.6,198.0,-5.462,147.117,2012,4
6.7,0,7,691,518,0.0,26.9,29.0,-32.625,-71.365,2012,4
7.0,7,7,1000,474,0.0,95.9,13.0,28.696,-113.104,2012,4
6.5,7,6,1171,599,0.0,54.1,20.0,18.229,-102.689,2012,4
8.2,9,6,1213,341,0.0,14.9,25.1,0.802,92.463,2012,4
8.6,9,7,2048,499,0.0,16.6,20.0,2.327,93.063,2012,4
7.1,7,7,1496,553,0.0,15.2,40.7,-35.2,-72.217,2012,3
6.6,6,6,709,640,0.0,10.1,118.0,-6.242,145.955,2012,3
7.4,9,8,1752,672,0.0,37.9,20.0,16.493,-98.231,2012,3
6.7,7,7,833,596,0.0,13.4,12.0,51.708,95.991,2012,2
6.7,9,7,1551,572,0.0,11.1,11.0,9.999,123.206,2012,2
7.1,5,5,793,573,0.0,12.0,23.0,-17.827,167.133,2012,2
7.2,4,4,838,443,0.0,17.0,19.0,2.433,93.21,2012,1
6.6,0,7,670,545,0.0,17.6,15.0,51.842,95.911,2011,12
7.1,6,6,834,485,0.0,10.6,135.0,-7.551,146.809,2011,12
6.5,8,7,1400,578,0.0,38.6,59.0,17.986,-99.789,2011,12
6.9,6,7,847,474,0.0,46.5,24.0,-14.438,-75.966,2011,10
7.1,9,9,1096,693,0.0,19.7,18.0,38.721,43.508,2011,10
6.5,3,6,655,423,0.0,12.6,37.0,-6.57,147.881,2011,10
6.9,8,8,1562,383,0.0,13.0,50.0,27.73,88.155,2011,9
6.7,5,5,712,667,0.0,10.9,30.0,40.273,142.779,2011,9
6.7,5,6,915,447,0.0,15.3,91.0,2.965,97.893,2011,9
7.0,7,5,761,406,0.0,15.3,185.1,-20.671,169.716,2011,9
7.0,6,6,913,471,0.0,26.9,147.0,-7.641,-74.525,2011,8
7.1,5,6,787,564,0.0,12.3,28.0,-18.311,168.218,2011,8
6.5,0,5,650,322,0.0,15.0,35.0,-18.308,168.156,2011,8
7.2,8,6,813,280,0.0,18.4,32.0,-18.365,168.143,2011,8
6.6,3,6,674,229,0.0,16.6,10.0,-3.518,144.828,2011,7
7.6,3,7,893,567,0.0,33.5,17.0,-29.539,-176.34,2011,7
6.7,6,6,749,592,0.0,24.9,33.0,39.955,142.205,2011,6
6.8,4,5,734,519,0.0,12.5,11.0,-20.244,168.226,2011,5
6.8,5,6,719,445,0.0,13.0,79.0,-10.375,161.2,2011,4
6.6,7,7,822,586,0.0,10.1,11.0,37.001,140.401,2011,4
7.1,8,8,1114,446,0.0,17.7,42.0,38.276,141.588,2011,4
6.6,7,6,897,518,0.0,37.2,166.2,17.208,-94.338,2011,4
6.9,7,9,1154,335,0.0,18.2,8.0,20.687,99.822,2011,3
6.6,6,5,673,668,0.0,9.5,25.7,39.241,142.463,2011,3
6.5,0,4,650,369,0.0,18.7,6.8,36.166,141.562,2011,3
7.7,7,4,931,507,0.0,10.8,18.6,38.058,144.59,2011,3
7.9,8,7,1140,163,0.0,48.4,42.6,36.281,141.111,2011,3
9.1,9,8,2184,541,0.0,9.5,29.0,38.297,142.373,2011,3
7.3,5,5,972,550,0.0,17.4,32.0,38.435,142.842,2011,3
6.7,5,6,731,358,0.0,33.9,21.0,-35.38,-72.834,2011,2
6.9,7,7,988,382,0.0,34.7,26.0,-36.422,-72.96,2011,2
7.2,7,7,1449,372,0.0,25.3,68.0,28.777,63.951,2011,1
7.0,2,5,755,578,0.0,13.3,9.0,-20.628,168.471,2011,1
7.2,8,7,1054,397,0.0,30.1,24.0,-38.355,-73.326,2011,1
7.3,0,5,820,409,0.0,12.0,16.0,-19.702,167.947,2010,12
6.7,3,7,708,279,0.0,24.3,12.0,28.412,59.18,2010,12
6.6,0,6,670,306,0.0,18.5,33.0,-6.001,149.977,2010,12
7.8,4,7,946,379,0.0,23.0,20.1,-3.487,100.082,2010,10
6.7,5,5,776,352,0.0,50.3,13.0,24.696,-109.156,2010,10
7.0,8,5,772,271,0.0,15.1,26.0,-4.963,133.76,2010,9
7.0,8,8,1245,365,0.0,15.8,12.0,-43.522,171.83,2010,9
7.1,6,5,945,672,0.0,12.4,206.7,-1.266,-77.306,2010,8
7.3,7,7,850,405,0.0,20.2,25.0,-17.541,168.069,2010,8
7.0,4,6,757,396,0.0,12.7,44.0,-5.746,150.765,2010,8
6.5,5,4,659,403,0.0,11.1,220.0,-5.486,146.822,2010,8
7.6,5,3,902,340,0.0,15.1,578.0,6.497,123.48,2010,7
7.3,8,7,831,397,0.0,18.2,35.0,-5.931,150.59,2010,7
6.9,4,7,737,456,0.0,15.7,28.0,-5.966,150.428,2010,7
6.6,6,7,753,295,0.0,52.8,22.0,-38.067,-73.31,2010,7
6.7,5,6,696,392,0.0,18.7,35.0,-10.627,161.447,2010,6
6.6,0,7,670,309,0.0,25.0,10.5,-2.329,136.484,2010,6
7.0,3,7,755,307,0.0,18.1,18.0,-2.174,136.543,2010,6
7.5,6,5,1144,514,0.0,18.6,35.0,7.881,91.936,2010,6
7.2,5,6,804,327,0.0,11.7,31.0,-13.698,166.643,2010,5
7.2,5,6,918,611,0.0,20.6,38.0,3.748,96.018,2010,5
6.9,6,9,773,410,0.0,14.9,17.0,33.165,96.548,2010,4
6.9,4,5,740,399,0.0,12.1,21.0,-10.878,161.116,2010,4
7.8,0,7,936,352,0.0,19.2,31.0,2.383,97.048,2010,4
7.2,9,9,2910,10,0.5137,239.0,9.987,32.2862,-115.295,2010,4
6.6,5,6,701,413,0.0,16.7,34.0,13.667,92.831,2010,3
6.7,5,6,856,312,0.0,34.7,18.0,-36.217,-73.257,2010,3
6.5,6,5,810,491,0.0,27.0,32.0,37.745,141.59,2010,3
7.0,7,7,874,403,0.0,17.1,18.0,-34.326,-71.799,2010,3
6.9,7,7,1280,415,0.0,12.5,11.0,-34.29,-71.891,2010,3
6.8,4,6,717,401,0.0,23.2,26.0,-3.762,100.991,2010,3
6.6,7,7,736,255,0.0,27.8,18.0,-36.665,-73.374,2010,3
6.5,0,4,650,426,0.0,18.7,176.0,-13.571,167.227,2010,3
7.4,0,5,842,409,0.0,17.6,35.0,-37.773,-75.048,2010,2
8.8,8,8,1991,454,0.0,17.8,22.9,-36.122,-72.898,2010,2
7.0,6,6,1180,487,0.0,15.7,25.0,25.93,128.425,2010,2
7.0,9,9,1623,500,0.0,22.7,13.0,18.443,-72.571,2010,1
6.5,7,7,1360,51,0.3225,220.0,28.737,40.652,-124.692,2010,1
6.8,3,6,713,338,0.0,15.0,15.4,-9.019,157.551,2010,1
7.1,5,7,780,377,0.0,15.0,10.0,-8.783,157.354,2010,1
6.6,5,7,672,282,0.0,16.6,10.0,-8.726,157.487,2010,1
6.5,6,7,698,390,0.0,17.7,27.0,-19.394,-70.321,2009,11
7.3,0,4,820,430,0.0,15.0,595.0,-17.239,178.331,2009,11
6.6,7,6,677,305,0.0,20.4,18.0,-8.207,118.631,2009,11
6.8,0,6,711,424,0.0,21.4,34.0,29.218,129.782,2009,10
6.9,4,6,972,397,0.0,11.0,130.0,-6.133,130.385,2009,10
6.8,0,5,711,174,0.0,30.2,35.0,-13.298,165.91,2009,10
7.4,0,7,842,314,0.0,20.2,31.1,-13.093,166.497,2009,10
7.8,0,6,936,195,0.0,20.3,35.0,-12.517,166.382,2009,10
7.7,4,7,916,283,0.0,23.2,45.0,-13.006,166.51,2009,10
6.6,7,7,787,417,0.0,30.1,9.0,-2.482,101.524,2009,10
7.6,8,8,1639,498,0.0,14.0,81.0,-0.72,99.867,2009,9
8.1,7,6,1055,520,0.0,20.8,18.0,-15.489,-172.095,2009,9
7.0,7,7,1175,312,0.0,16.3,46.0,-7.782,107.297,2009,9
6.7,5,6,753,369,0.0,14.9,20.0,-1.479,99.49,2009,8
6.6,4,5,703,336,0.0,14.1,53.0,32.821,140.395,2009,8
7.5,7,6,1248,303,0.0,18.2,24.0,14.099,92.902,2009,8
7.1,5,4,1005,447,0.0,14.2,292.0,33.167,137.944,2009,8
6.9,5,7,1202,243,0.0,35.0,10.0,29.039,-112.903,2009,8
7.8,6,8,1165,434,0.0,16.8,12.0,-45.762,166.562,2009,7
6.7,5,5,693,269,0.0,13.8,64.0,-5.157,153.782,2009,6
7.3,7,8,1560,464,0.0,27.2,19.0,16.731,-86.217,2009,5
7.6,7,5,916,504,0.0,14.0,31.0,-23.043,-174.66,2009,3
7.2,3,7,802,432,0.0,18.6,20.0,3.886,126.387,2009,2
7.4,7,7,846,314,0.0,21.1,23.0,-0.691,133.305,2009,1
6.6,5,4,765,344,0.0,22.6,204.8,36.419,70.743,2009,1
7.7,5,7,918,288,0.0,29.8,17.0,-0.414,132.885,2009,1
7.4,9,7,848,365,0.0,33.7,30.0,1.271,122.091,2008,11
6.7,5,6,731,481,0.0,28.6,24.0,14.423,-92.364,2008,10
6.7,0,6,691,529,0.0,22.3,27.4,39.533,73.824,2008,10
6.8,0,6,711,500,0.0,22.2,25.0,41.892,143.754,2008,9
6.6,0,6,670,463,0.0,14.1,96.0,1.885,127.363,2008,9
6.9,0,6,732,531,0.0,14.9,110.0,-13.501,166.967,2008,9
6.7,4,7,692,325,0.0,28.0,12.0,30.901,83.52,2008,8
6.8,8,7,1046,633,0.0,20.2,108.0,39.802,141.464,2008,7
7.0,5,5,840,577,0.0,18.2,22.0,37.552,142.214,2008,7
6.9,5,5,825,0,0.0,0.0,25.5,37.55,142.714,2008,7
6.6,4,5,680,630,0.0,18.4,17.0,11.005,91.824,2008,6
6.9,7,8,888,654,0.0,17.1,7.8,39.03,140.881,2008,6
7.9,9,9,1870,774,0.0,11.3,19.0,31.002,103.322,2008,5
6.9,5,5,910,519,0.0,21.1,27.0,36.164,141.526,2008,5
7.3,0,6,820,486,0.0,13.4,33.0,-20.071,168.892,2008,4
7.2,0,7,798,532,0.0,25.9,10.0,35.49,81.467,2008,3
6.9,4,5,740,544,0.0,25.9,24.0,13.351,125.63,2008,3
6.7,5,6,696,543,0.0,15.1,25.0,-2.245,99.808,2008,2
6.6,4,6,674,421,0.0,17.7,25.0,-2.332,99.891,2008,2
7.2,4,7,832,505,0.0,18.4,25.0,-2.486,99.972,2008,2
6.5,4,6,654,429,0.0,28.3,22.0,-2.405,99.931,2008,2
7.4,5,7,914,607,0.0,16.4,26.0,2.768,95.964,2008,2
6.5,8,5,692,650,0.0,30.7,28.0,36.345,21.863,2008,2
6.9,6,6,941,645,0.0,30.6,29.0,36.501,21.67,2008,2
6.5,7,6,723,521,0.0,27.6,83.0,16.357,-94.304,2008,2
6.6,7,6,808,461,0.0,18.8,20.0,-39.011,178.291,2007,12
6.7,5,7,704,481,0.0,30.3,45.0,-22.954,-70.182,2007,12
7.4,7,7,1542,663,0.0,13.4,156.0,14.944,-61.274,2007,11
6.6,3,6,672,280,0.0,26.9,16.0,-10.95,162.149,2007,11
6.5,5,7,653,272,0.0,27.6,18.0,-8.224,118.467,2007,11
6.5,7,7,657,353,0.0,27.5,20.0,-8.292,118.37,2007,11
6.8,6,6,722,341,0.0,15.9,53.0,-5.757,147.098,2007,11
6.8,7,6,790,649,0.0,27.0,122.9,-2.312,-77.838,2007,11
6.8,6,7,716,285,0.0,40.1,26.0,-22.925,-70.237,2007,11
7.7,8,7,995,610,0.0,22.4,40.0,-22.247,-69.89,2007,11
6.8,3,5,713,494,0.0,23.9,21.0,-3.899,101.02,2007,10
6.8,4,7,744,338,0.0,19.0,18.0,-44.796,167.553,2007,10
6.8,4,5,713,348,0.0,15.5,40.0,-4.99,153.5,2007,9
6.7,3,5,696,503,0.0,26.9,30.0,-1.999,100.141,2007,9
7.0,4,7,768,537,0.0,23.1,22.0,-2.13,99.627,2007,9
6.5,0,5,650,409,0.0,26.2,28.9,-1.689,99.668,2007,9
7.9,8,7,1133,446,0.0,29.1,35.0,-2.625,100.841,2007,9
7.8,7,8,1152,0,0.0,0.0,40.5,-2.52,100.139,2007,9
8.4,0,6,1086,411,0.0,32.3,34.0,-4.438,101.367,2007,9
6.8,5,6,747,653,0.0,17.6,15.0,2.966,-77.963,2007,9
7.2,0,5,798,312,0.0,21.3,35.0,-11.61,165.762,2007,9
6.5,5,6,675,382,0.0,12.8,15.0,-9.834,159.465,2007,8
8.0,9,8,1385,625,0.0,25.7,39.0,-13.386,-76.603,2007,8
7.5,0,5,865,228,0.0,30.7,280.0,-5.859,107.419,2007,8
7.2,7,7,803,494,0.0,20.4,120.0,-15.595,167.68,2007,8
6.9,3,5,734,374,0.0,24.1,25.0,2.872,127.464,2007,7
6.8,5,4,779,664,0.0,18.2,350.4,36.808,134.85,2007,7
6.6,8,8,831,782,0.0,16.7,12.0,37.535,138.446,2007,7
6.7,6,6,972,468,0.0,37.7,23.0,13.554,-90.618,2007,6
6.9,0,7,732,305,0.0,15.3,10.0,-7.306,155.741,2007,4
6.6,0,7,670,251,0.0,16.0,10.0,-7.169,155.777,2007,4
8.1,9,8,1025,439,0.0,14.7,24.0,-8.466,157.043,2007,4
6.7,7,8,782,493,0.0,23.9,8.0,37.336,136.588,2007,3
7.1,3,6,779,426,0.0,25.3,34.0,-20.617,169.357,2007,3
6.7,0,6,691,253,0.0,40.3,12.0,-1.034,126.976,2007,2
7.5,6,5,874,570,0.0,21.6,22.0,1.065,126.282,2007,1
8.1,4,5,1034,606,0.0,14.0,10.0,46.243,154.524,2007,1
6.9,6,7,798,466,0.0,31.6,10.0,21.974,120.493,2006,12
7.1,8,7,1023,744,0.0,29.1,10.0,21.799,120.547,2006,12
8.3,4,7,1064,576,0.0,20.9,10.0,46.592,153.266,2006,11
6.6,0,6,670,352,0.0,18.6,11.0,-6.482,151.195,2006,11
6.7,5,6,732,444,0.0,53.4,23.0,-13.457,-76.677,2006,10
6.7,5,6,692,533,0.0,15.6,32.0,-5.881,150.982,2006,10
6.7,8,9,1481,43,0.0,124.0,38.182,19.877,-155.935,2006,10
6.9,3,3,737,702,0.0,20.9,28.0,-16.592,-172.033,2006,9
6.8,0,6,711,459,0.0,28.4,38.0,-6.759,155.512,2006,9
6.5,0,6,650,700,0.0,47.4,43.0,51.148,157.522,2006,8
6.8,5,5,713,551,0.0,26.2,150.0,-15.798,167.789,2006,8
7.7,7,5,947,357,0.0,36.8,20.0,-9.284,107.419,2006,7
6.5,0,6,650,477,0.0,20.3,34.0,-5.724,151.133,2006,5
6.6,0,7,670,548,0.0,28.0,19.0,60.772,165.743,2006,5
6.8,4,5,719,701,0.0,16.3,12.0,0.093,97.05,2006,5
8.0,7,7,1013,626,0.0,20.7,55.0,-20.187,-174.123,2006,5
8.0,8,9,1026,0,0.0,0.0,60.5,-19.99,-173.907,2006,5
6.5,7,7,653,282,0.0,46.3,12.0,-27.211,-71.056,2006,4
6.7,6,7,696,277,0.0,25.6,12.0,-27.017,-71.022,2006,4
6.6,0,8,670,645,0.0,28.4,11.0,60.491,167.516,2006,4
7.6,0,8,889,579,0.0,18.5,22.0,60.949,167.089,2006,4
6.5,3,5,654,247,0.0,25.5,14.0,-16.527,176.989,2006,4
6.7,0,7,691,306,0.0,21.3,30.1,-3.595,127.214,2006,3
7.0,5,9,891,412,0.0,23.2,11.0,-21.324,33.583,2006,2
6.7,7,6,934,769,0.0,19.7,66.0,36.311,23.212,2006,1
6.6,7,6,703,323,0.0,48.2,14.0,28.164,-112.117,2006,1
6.5,6,5,721,529,0.0,20.5,224.6,36.357,71.093,2005,12
6.8,5,7,744,561,0.0,20.0,22.0,-6.224,29.83,2005,12
6.5,4,5,683,464,0.0,48.8,29.0,38.089,142.122,2005,12
6.5,3,6,651,358,0.0,20.7,21.0,2.164,96.786,2005,11
6.8,0,6,711,509,0.0,30.1,147.0,-22.361,-67.895,2005,11
7.6,9,9,1267,724,0.0,21.1,26.0,34.539,73.588,2005,10
6.6,0,6,670,402,0.0,17.7,25.0,-5.437,151.84,2005,9
7.5,8,7,1018,696,0.0,26.2,115.0,-5.678,-76.398,2005,9
7.6,5,7,891,502,0.0,20.0,90.0,-4.539,153.474,2005,9
7.2,7,7,1104,698,0.0,19.6,36.0,38.276,142.039,2005,8
7.2,4,5,808,636,0.0,26.4,16.0,7.92,92.19,2005,7
6.7,3,6,693,398,0.0,22.3,21.0,1.819,97.082,2005,7
6.6,6,5,719,446,0.0,21.1,27.0,11.245,-86.172,2005,7
7.2,5,4,1318,420,0.0,31.4,16.0,41.292,-125.953,2005,6
7.8,8,7,1020,714,0.0,16.1,115.6,-19.987,-69.197,2005,6
6.9,5,7,740,635,0.0,26.0,30.0,1.989,97.041,2005,5
6.7,6,5,731,695,0.0,20.9,34.0,0.587,98.459,2005,5
6.5,3,6,657,478,0.0,21.2,30.0,-1.714,99.779,2005,4
6.7,5,6,717,656,0.0,21.2,19.0,-1.644,99.607,2005,4
8.6,0,8,1138,510,0.0,22.1,30.0,2.085,97.108,2005,3
6.6,8,7,805,401,0.0,22.9,10.0,33.807,130.131,2005,3
7.1,0,5,776,569,0.0,18.1,201.7,-6.527,129.933,2005,3
6.8,0,6,711,444,0.0,33.8,36.0,2.908,95.592,2005,2
6.5,0,7,650,371,0.0,31.8,10.0,-5.562,122.129,2005,2
6.5,3,5,652,286,0.0,47.3,39.7,4.756,126.421,2005,2
6.7,0,4,691,457,0.0,30.2,206.3,-14.252,167.259,2005,2
7.1,7,3,782,640,0.0,26.4,525.0,5.293,123.337,2005,2
6.6,6,4,676,225,0.0,78.5,27.8,34.064,141.491,2005,1
6.6,0,5,670,353,0.0,31.9,16.1,8.879,92.375,2004,12
7.2,5,6,802,385,0.0,27.9,39.2,6.91,92.958,2004,12
9.1,0,8,1274,601,0.0,22.0,30.0,3.295,95.982,2004,12
8.1,0,5,1009,331,0.0,59.3,10.0,-49.312,161.345,2004,12
6.8,5,6,858,639,0.0,21.8,10.0,18.958,-81.409,2004,12
6.8,4,7,724,759,0.0,23.6,35.0,42.9,145.228,2004,12
7.0,4,7,771,929,0.0,23.9,39.0,43.006,145.119,2004,11
7.1,0,7,776,439,0.0,28.8,10.0,-3.609,135.404,2004,11
7.1,5,5,782,585,0.0,14.7,10.0,-46.676,164.721,2004,11
7.2,8,8,820,708,0.0,50.2,15.0,4.695,-77.508,2004,11
7.5,5,7,870,301,0.0,33.8,10.0,-8.152,124.868,2004,11
6.7,0,6,691,233,0.0,21.5,10.0,-11.128,162.208,2004,11
6.7,7,4,703,459,0.0,37.3,10.0,49.277,-128.772,2004,11
6.6,0,8,670,782,0.0,37.0,16.0,37.226,138.779,2004,10
6.7,5,6,705,698,0.0,24.7,94.0,24.53,122.694,2004,10
7.0,0,6,754,441,0.0,32.2,35.0,11.422,-86.665,2004,10
6.5,5,5,665,526,0.0,18.3,105.0,13.925,120.534,2004,10
6.8,0,6,711,545,0.0,15.7,36.0,-10.951,162.161,2004,10
6.6,0,4,670,478,0.0,29.8,10.0,33.205,137.227,2004,9
7.4,0,5,842,594,0.0,27.5,10.0,33.184,137.071,2004,9
7.2,0,5,798,643,0.0,28.4,14.0,33.07,136.618,2004,9
6.5,0,7,650,349,0.0,30.1,5.0,-35.173,-70.525,2004,8
6.5,0,7,650,305,0.0,39.0,13.4,-0.443,133.091,2004,7
6.9,0,5,732,798,0.0,31.2,188.6,55.682,160.003,2004,6
6.6,0,7,670,282,0.0,46.9,21.0,-37.695,-73.406,2004,5
6.7,0,5,691,386,0.0,27.6,65.8,-9.362,122.839,2004,4
6.5,0,4,650,424,0.0,29.9,228.4,-13.174,167.198,2004,4
6.6,0,4,670,728,0.0,18.3,187.1,36.512,71.029,2004,4
6.7,0,7,691,256,0.0,33.3,25.7,-3.665,135.339,2004,2
7.3,0,7,820,390,0.0,23.0,10.0,-4.003,135.023,2004,2
7.0,0,7,754,367,0.0,33.0,16.6,-3.615,135.538,2004,2
6.7,0,6,691,243,0.0,42.5,17.4,-3.12,127.4,2004,1
7.3,0,4,820,235,0.0,46.6,10.0,-22.015,169.766,2003,12
6.6,0,9,670,552,0.0,44.8,10.0,28.995,58.311,2003,12
6.5,0,6,650,405,0.0,48.4,33.0,8.416,-82.824,2003,12
6.5,7,9,1390,65,0.04685,71.0,8.382,35.7005,-121.101,2003,12
6.8,0,7,711,447,0.0,27.7,10.0,23.039,121.362,2003,12
6.6,0,6,670,384,0.0,25.1,35.0,-5.581,150.88,2003,11
6.5,0,6,650,487,0.0,45.9,35.0,12.025,125.416,2003,11
6.6,0,5,670,475,0.0,26.2,113.7,-19.262,168.892,2003,11
7.0,0,5,754,568,0.0,61.2,10.0,37.812,142.619,2003,10
6.7,0,6,691,556,0.0,55.4,32.0,42.648,144.57,2003,10
6.7,0,7,691,643,0.0,24.5,10.0,50.211,87.721,2003,10
6.5,0,5,650,586,0.0,71.3,25.0,42.45,144.38,2003,9
7.3,0,7,820,667,0.0,24.5,16.0,50.038,87.813,2003,9
7.4,0,7,842,514,0.0,78.8,33.0,41.774,143.593,2003,9
8.16,0,9,1024,0,0.0,0.0,27.0,41.815,143.91,2003,9
6.6,0,7,670,518,0.0,24.7,10.0,19.917,95.672,2003,9
7.2,0,7,798,428,0.0,17.5,28.0,-45.104,167.144,2003,8
7.6,0,6,889,315,0.0,25.2,10.0,-60.532,-43.411,2003,8
6.5,0,6,650,156,0.0,31.4,33.0,-3.828,152.174,2003,7
6.8,0,7,711,398,0.0,39.1,33.0,-30.608,-71.637,2003,6
6.9,0,5,732,733,0.0,26.7,174.8,55.492,159.999,2003,6
6.6,0,6,670,419,0.0,27.8,33.0,-5.095,152.502,2003,6
7.0,0,6,754,473,0.0,30.3,31.0,2.354,128.855,2003,5
7.0,0,7,754,690,0.0,19.1,68.0,38.849,141.568,2003,5
6.8,0,9,711,534,0.0,19.4,12.0,36.964,3.634,2003,5
6.5,0,7,650,247,0.0,28.7,33.0,-8.294,120.743,2003,3
6.8,0,7,711,431,0.0,38.4,40.2,-4.694,153.238,2003,3
7.6,0,7,889,551,0.0,0.0,24.0,18.77,-104.104,2003,1
6.5,0,6,650,316,0.0,0.0,24.0,13.626,-90.774,2003,1
7.3,0,6,820,457,0.0,0.0,33.0,-10.491,160.77,2003,1
6.7,0,5,691,323,0.0,0.0,71.9,-5.311,153.701,2003,1
6.7,0,6,691,453,0.0,0.0,34.0,-4.786,153.275,2002,12
7.9,8,9,1750,0,0.0,0.0,4.2,63.5141,-147.453,2002,11
7.4,0,7,842,418,0.0,0.0,30.0,2.824,96.085,2002,11
6.6,0,7,670,0,0.0,0.0,4.2,63.5144,-147.912,2002,10
6.7,0,7,691,250,0.0,0.0,10.0,-1.511,133.973,2002,10
7.6,0,7,889,375,0.0,0.0,10.0,-1.757,134.297,2002,10
6.5,0,6,650,646,0.0,0.0,21.0,13.036,93.068,2002,9
7.6,0,7,889,428,0.0,0.0,13.0,-3.302,142.945,2002,9
6.5,0,4,650,260,0.0,0.0,30.0,14.101,146.199,2002,8
6.5,0,7,650,533,0.0,0.0,10.0,7.929,-82.793,2002,7
6.5,0,8,650,555,0.0,0.0,10.0,35.626,49.047,2002,6
6.6,0,7,670,420,0.0,0.0,54.0,-30.805,-71.124,2002,6
6.7,0,5,691,272,0.0,0.0,33.0,-12.592,166.383,2002,6
7.1,0,7,776,257,0.0,0.0,85.7,13.088,144.619,2002,4
6.7,0,7,691,462,0.0,0.0,62.0,-27.535,-70.586,2002,4
6.8,0,6,711,292,0.0,0.0,24.9,16.985,-100.865,2002,4
7.1,0,6,776,550,0.0,0.0,32.8,24.279,122.179,2002,3
6.5,0,5,650,486,0.0,0.0,125.1,-21.663,-68.329,2002,3
7.5,0,7,865,321,0.0,0.0,31.0,6.033,124.249,2002,3
7.4,0,5,842,138,0.0,0.0,225.6,36.502,70.482,2002,3
6.6,0,6,670,444,0.0,0.0,39.0,-5.345,151.248,2002,2
6.5,0,7,650,482,0.0,0.0,5.0,38.573,31.271,2002,2
6.7,0,8,691,333,0.0,0.0,11.0,-3.212,142.427,2002,1
6.6,0,6,670,386,0.0,0.0,10.0,-17.664,168.004,2002,1
7.2,0,6,798,427,0.0,0.0,21.0,-17.6,167.856,2002,1
6.8,0,7,711,385,0.0,0.0,16.0,-9.613,159.53,2001,12
6.8,0,5,711,499,0.0,0.0,14.0,23.954,122.734,2001,12
6.5,0,5,650,605,0.0,0.0,123.8,39.402,141.089,2001,12
7.8,0,9,936,368,0.0,0.0,10.0,35.946,90.541,2001,11
7.0,0,7,754,254,0.0,0.0,33.0,-5.912,150.196,2001,10
7.5,0,6,865,234,0.0,0.0,33.0,-4.102,123.907,2001,10
7.0,0,6,754,482,0.0,0.0,37.0,12.686,144.98,2001,10
6.5,0,6,650,174,0.0,0.0,33.0,-0.578,133.13,2001,9
6.6,6,6,754,0,0.0,0.0,131.8,58.775,-154.701,2001,7
6.5,0,8,650,483,0.0,0.0,10.0,39.059,24.244,2001,7
7.6,0,7,889,398,0.0,0.0,33.0,-17.543,-72.077,2001,7
6.6,0,7,670,324,0.0,0.0,62.0,-16.086,-73.987,2001,7
6.7,0,6,691,422,0.0,0.0,24.0,-17.745,-71.649,2001,6
8.4,0,8,1086,518,0.0,0.0,33.0,-16.265,-73.641,2001,6
6.7,0,6,691,282,0.0,0.0,17.0,-7.41,155.865,2001,4
6.8,0,7,711,596,0.0,0.0,50.0,34.083,132.526,2001,3
6.5,0,6,650,206,0.0,0.0,33.0,-4.029,128.02,2001,3
6.8,7,7,1441,67,0.0,31.0,51.798,47.149,-122.727,2001,2
7.1,0,7,776,426,0.0,0.0,35.0,1.271,126.249,2001,2
7.4,0,6,842,221,0.0,0.0,36.0,-4.68,102.562,2001,2
6.6,0,8,670,273,0.0,0.0,10.0,13.671,-88.938,2001,2
7.7,0,9,912,472,0.0,0.0,16.0,23.419,70.232,2001,1
6.9,0,6,732,117,0.0,0.0,28.0,-4.022,101.776,2001,1
7.7,0,8,912,427,0.0,0.0,60.0,13.049,-88.66,2001,1
6.9,5,7,745,0,0.0,0.0,36.4,56.7744,-153.281,2001,1
7.1,0,7,776,372,0.0,0.0,103.0,-14.928,167.17,2001,1
6.8,0,5,711,64,0.0,0.0,33.0,6.631,126.899,2001,1
7.5,0,7,865,324,0.0,0.0,33.0,6.898,126.579,2001,1
7.5,6,7,871,0,0.851953588391922,19.886901057513143,45.138871601728,-4.946099491719044,152.3588996578295,2015,3
7.136703444101838,4,6,789,740,0.0,10.247691963762378,101.66595347340862,40.66187448398406,151.19088257829182,2013,4
6.991306914096582,9,6,1120,0,1.800009992804237,10.91306914096582,13.583607087648417,24.832236095018448,133.50264796776014,2014,10
6.6,6,5,683,0,1.137591313761821,25.02413005598717,109.87934972006414,10.833355345467004,-85.18076918866619,2014,5
6.616698010425927,5,4,710,0,2.1315889341437018,15.418390573425972,21.7504701563889,38.66849674260074,142.7023172323636,2014,4
7.011671974108113,3,6,771,0,0.9926041267990819,13.649840776756605,10.0,-19.678022940594367,167.0236175743809,2016,10
7.0,8,7,759,0,4.441558491068139,12.648690042010548,40.21571949587342,-6.979461415271047,147.88567820102315,2015,6
6.8,1,3,711,0,5.425822843413346,15.296374776918181,535.6104397735033,-23.06345263819603,-179.84090643915658,2021,3
7.335629783807698,7,6,845,0,2.3401322076566746,15.275574056923698,33.1732778292289,-31.58818238155256,-178.00664996642382,2019,6
7.081365688309151,0,4,771,0,9.336775898508485,31.347799090820278,6.186343116908492,-59.85236707808154,-25.312973857406362,2020,7
7.654426449876927,9,7,1150,0,0.3364037095093924,42.53117398523125,28.269311067727685,54.783343770000606,-159.34898556523723,2020,9
6.964769012054137,3,6,748,601,0.0,14.67648187896533,57.19225301353406,15.673671443991452,145.1018919029786,2013,3
6.800156113098595,5,5,762,161,1.5078818478000588,29.99479623004684,219.95472720140754,-23.63227702863488,-66.70260903276295,2021,5
6.535256885633417,2,5,658,0,0.6546143007558094,32.81422140835423,19.64743114366583,51.933808281679255,-172.4340518776368,2016,6
6.5,3,4,650,0,3.549769564862419,42.40040642131861,10.085656225525913,-19.777187827002834,-174.15669065518472,2017,2
6.516465585314294,5,6,658,0,0.5538844903956437,53.55429196514057,10.0,-38.98496758937154,173.0209145620294,2016,11
6.606817883875088,0,3,671,71,1.253355454887814,117.61360954875795,34.86364232249823,52.49025003277374,-167.89627323973485,2022,1
6.548482997135898,5,4,694,0,2.047105475655136,36.30278962766678,17.336570951925943,11.406215469699625,-70.44642073850949,2014,6
7.315461619734163,8,7,1122,0,3.5042190987158315,38.462180164451354,115.85038908537892,1.4766026415649343,-81.50972318968155,2019,9
6.746117533240295,5,7,822,0,0.5145980750164881,54.182321641081316,24.7717726731793,-29.01373211389461,-71.24521022201866,2018,9
7.902349791100891,8,7,986,414,0.7709483992584708,18.727282851994808,46.45954804679522,-9.682052498059758,160.56276788873475,2015,3
6.750487312651879,0,3,701,204,0.7704363910676761,25.334632833738343,630.0584775182255,39.06131185153673,155.9772558030122,2014,6
6.565629265871921,7,6,717,0,2.3776898700470945,34.24988624341544,15.100631541003612,7.342811447430343,124.82370916138613,2017,2
7.276759199193063,6,4,875,0,4.030307617715555,10.883795995965318,45.07527435400462,42.373675749979036,150.42069850570599,2016,6
6.580767234211608,5,4,709,0,2.2206972591552114,13.44219788163845,21.211508513174124,38.156375389218056,142.6252457173839,2014,4
6.9,7,6,734,0,1.2037023955703183,25.064892247108983,25.593125610626686,-14.091542662708944,166.4836216697953,2016,4
7.052349248360607,6,5,908,0,2.9973339667621737,29.15994547951007,46.7579481262283,40.95517883625404,145.73526408536753,2020,4
6.57531239371614,2,6,666,0,3.0837385875384014,14.97500850270881,48.946200479804446,-7.064494324983669,151.4668170513742,2014,8
6.7822174362961265,8,7,788,0,0.9065709339034617,28.25174018024296,16.20870899409764,4.5268141233261465,125.9269832703868,2019,9
6.5,4,5,657,0,3.286573183294746,12.87729410075558,113.85874715716362,-7.358201047595975,150.35799241847488,2016,8
6.94076522801864,3,2,742,140,4.640196510580428,26.1480869299534,654.737582857176,-25.97764973367894,178.3657470462148,2022,11
6.902937369436376,8,6,1188,0,0.24644189980708864,34.92091697671297,92.86894813283863,15.000398638966942,-92.15792082217567,2017,6
7.673321898572471,7,7,920,0,2.7340442645895884,13.800343042825855,10.0,38.83820463857577,164.51914070788388,2017,6
6.704677008833469,5,5,830,0,1.4043774027111062,60.041213189138766,10.0,7.691407021272022,-83.02197273318868,2020,7
6.641103701331823,6,6,862,0,1.2760294766902827,38.03044351941102,38.223106321790354,10.893893392298041,-86.66497491533968,2019,5
6.896694926709945,1,4,731,0,3.9438519727161703,21.900847801298355,11.236271026060768,-10.984626094499967,163.5216904346825,2015,5
6.665492875197332,6,6,901,0,0.6009444082161215,35.753503791439655,63.211824315944405,14.169218495922088,-91.36672627533522,2019,3
7.5977864791715,6,6,960,497,0.0,21.92381623483618,68.24348729113498,-6.435348947666075,76.44164154949362,2013,2
6.772282180621907,0,5,706,0,8.930078932874109,24.361410903109533,10.873650936007099,-55.070734802075634,-18.618933224331563,2014,7
6.7,5,5,715,0,1.1538564549733723,20.938130833365726,33.788504583705866,40.84857695440928,142.83409345833172,2015,1
7.3,2,4,823,52,2.4811102415730995,28.41773468341527,463.63868221290755,-13.407729863748104,165.50588260523142,2017,8
6.9,8,6,737,0,1.3434786815918962,21.129748376500704,30.97603780164195,-9.462795696738327,158.36532661730976,2017,3
6.981460655224121,8,7,1077,0,1.9032102929376822,39.59550826862302,47.29775413431151,2.304712156168529,-85.23087078165176,2015,4
6.9,7,6,734,0,1.1919539177528016,24.434026715670992,26.727679936994438,-13.612686066878567,165.61349717416115,2016,3
6.836965445606141,0,3,719,0,3.312235022503966,27.910366318157866,560.8485113218632,-18.578948563947584,-178.67452600651006,2017,10
7.475784006172257,0,6,859,0,3.5935804577106065,16.242159938277425,42.311761069727645,-7.894934285373087,156.72565788627546,2014,4
6.716546267982115,8,8,1152,0,0.25059183167061355,35.42511805103916,23.02947494107874,-0.9033606386438962,-82.41056935897728,2016,11
6.552969936555396,6,5,695,0,2.085244460720867,36.8860917522015,17.56854571991398,11.104329698616391,-71.51248613600623,2014,7
7.095026942268452,8,6,778,335,0.0,16.516576859105157,20.850808268053587,-10.926508082680536,166.01718773390385,2013,2
6.8601175557555445,6,6,1319,82,0.32807720512868166,217.5776644064465,10.049902647628043,27.897113169203557,-143.088709201951,2016,4
6.836713625356123,1,3,719,137,4.659643187321938,22.734272507122466,635.8164714833687,-25.98182460488604,178.36630422628204,2022,11
6.9,7,6,734,0,1.2831614823839756,25.20165487501545,24.735623933653137,-13.602684649257277,165.70092915028658,2016,5
7.409569473620742,8,7,1091,0,4.244436153890066,41.657892983619725,114.99761929052364,-1.5939432537570313,-79.19959966428338,2019,10
6.5,3,6,652,0,2.695897226337677,18.540993883703592,28.131180427851497,-8.598410601771832,158.19484918948947,2015,2
7.012931035246383,7,5,845,0,2.2393509881529,9.216748772836473,41.93546800516789,41.96517562673595,146.79648400723443,2016,4
6.785835880481372,0,3,708,0,3.0016612750313185,36.733740877019514,541.4164119518628,-17.9424650979362,-178.80462200735906,2018,10
6.9,6,5,736,0,3.745007267629492,16.325958905201883,13.36042670683452,-61.33152696402137,-52.78935977839011,2018,4
7.322024104756554,5,5,841,116,2.3429230732172397,21.440482095131095,31.053491715730196,-22.375615148012805,-173.3863561405517,2021,9
7.028885046756198,6,7,827,0,1.556037513910331,20.021953272933875,67.841130649343,-3.7159472680688,141.68538512512006,2020,7
6.580950104613971,0,3,666,0,8.412374485627964,18.61900209227943,8.523991630882277,-59.399682708477116,-24.70509585843043,2020,7
7.2394663949166915,6,5,870,0,3.036015815969207,14.183991847500753,41.97331974583459,22.29621808700235,147.17627643232254,2013,8
6.809617655109142,0,3,713,0,2.9804662614014488,36.691762773805905,547.253635483315,-18.05892839050426,-178.8763149575748,2017,10
7.270261632244802,4,3,819,0,4.273530845966639,30.81046528979208,523.9666864889698,-20.067592587165066,173.58038571501373,2020,9
6.639757202108752,5,6,719,0,1.8704611254767567,27.4218518102123,21.036419683687164,-15.953545787872182,-74.17664498563092,2013,9
6.6,6,5,734,0,1.7273873716786712,67.59468112309851,23.37574054630764,9.682801944598845,-84.76277333543898,2017,8
6.681144947046335,5,7,823,0,1.612864421821417,14.486869682278016,35.81144947046336,-29.148875872761533,-71.88749194829825,2014,9
6.9,7,6,736,0,1.5585759579998222,25.67569011703928,21.76342296616371,-11.90824567664309,162.9880254601842,2016,9
6.573521611924077,0,6,664,393,0.0,15.964518686177854,20.64783880759228,-9.830010060182435,161.08954156670265,2013,2
6.5,1,6,658,256,0.0,17.310843510508228,11.463501345163996,-11.802161693610003,156.77048069658463,2013,4
7.175131215703461,7,7,1109,0,1.0801397106392776,34.49212705779237,95.18678640786393,6.969793527018904,-85.39470057985923,2016,4
6.569578439934508,0,4,663,0,10.946890646603942,18.391568798690166,15.695784399345083,-59.05881565879053,-26.325501963811902,2018,7
6.74571000435946,6,6,788,111,1.0671221420003911,35.8572498910135,18.171599825621602,-0.8258098553778277,-79.97803833477286,2020,10
6.6,0,3,670,0,9.570243311123718,19.0,8.574594343863426,-60.12205241126913,-24.831581976994418,2020,8
7.598216834332943,0,7,888,0,2.8006640703240246,13.16048491003508,23.13845894239311,-11.166539087554362,161.96481539102328,2014,4
6.5,2,6,670,274,0.0,17.003511830628117,22.682994803981156,-23.56698040103977,160.82025517667645,2013,4
6.6478341650339186,5,5,701,0,1.1874019270196023,120.65253742652632,12.8691209231345,21.58659336755283,-103.9450618589518,2016,9
7.901498520096831,9,4,1870,0,2.577878283239814,29.958790697337168,14.091393996028595,55.675811012959784,-148.87569320016115,2017,1
6.5,6,7,753,179,0.41513032105418124,52.824257943818985,10.242064540978443,20.79049086697748,123.1803939945581,2021,8
6.58834130927858,3,4,689,0,4.148722935316908,19.5582934536071,15.582934536070976,39.38193694583962,-37.65306016419303,2016,8
7.5,3,6,871,0,2.2009046008062616,18.11736365681066,13.63827336113047,-19.928574356989067,167.44766192788822,2017,10
7.043387867497586,7,6,766,346,0.0,16.68870710834138,19.301636024927586,-10.911016360249276,166.00875335169127,2013,2
7.0,5,6,767,0,1.8964617656929306,16.230970820737454,10.278871352592182,-18.278376667094562,167.68658412534958,2016,9
6.729964217002723,8,7,811,0,0.36600803769699775,34.0974951901906,22.202146979836627,18.354496151462772,122.69613399755633,2021,5
6.68466611422383,6,5,689,0,5.867120192287597,25.613355431046777,26.73283578511213,-15.156287027430892,166.94131251283022,2016,5
7.128735141624381,9,6,847,0,1.2373684243857668,26.00572995685335,49.26797380905764,4.434906895222224,126.0894249337103,2021,8
7.019098374575562,3,4,759,0,9.218126329452534,38.47213003395504,10.328236960207434,-59.52545898617285,-24.32472314883646,2021,8
6.8,1,5,711,0,3.392295599497139,18.11222990123904,10.290675444209114,-10.861283141251844,162.67708208336128,2015,5
6.5,4,6,651,0,5.0361727120841255,41.018568975350256,12.23607326848731,-18.52706794186797,-177.41816283686393,2021,5
6.593563499422094,5,4,669,0,7.420352994297014,18.193095017337157,35.06436500577905,-13.143844711747217,166.51841786798406,2018,1
6.6,6,5,702,0,2.1149272825204384,38.0628349756207,44.685825121896485,8.734747443641293,-83.37156384603496,2014,10
6.932404698114309,8,7,819,0,0.863109251983769,38.66898825471423,18.324391510380057,4.286240762607313,126.12069359151731,2019,10
6.8322746485745816,1,7,719,663,0.0,13.035322176397827,42.93776417900501,26.31630825803913,140.16667154236822,2013,3
7.051086893375302,7,6,1023,0,1.8088449216243343,43.021737867506054,29.25663266385181,16.02714833215941,-97.24909787782926,2015,4
6.788026688491556,6,7,839,0,0.3062524453790306,39.383602946360014,45.34146786703556,-30.930360854140048,-71.44754770126667,2015,10
7.302633616324468,7,6,830,0,1.3765856024688812,11.500387101648972,45.92099151026595,-30.616947415694735,-178.09320526988287,2019,5
6.5,5,5,658,0,3.650898140012984,14.258814621061985,98.48348410542609,-5.8836250394482335,148.60068812281966,2017,10
6.9,0,3,732,0,9.295480108170027,18.74827474309954,9.389272279311212,-16.271496393936363,-27.301536552610198,2018,8
7.362947621772396,9,8,1592,0,0.42029828080172166,29.74104756455208,21.369561283726462,-38.02694371296432,54.02244486008456,2016,7
6.8,2,5,712,0,2.7131832311677804,18.448424142986248,11.16141853033438,-10.118327486414692,161.06570308266691,2015,7
7.496674477566493,8,5,1623,0,4.557582779530718,12.149648509507841,19.04988283650261,17.202491011098665,-83.45649194383356,2017,1
6.9,4,4,733,0,8.34910190503849,42.54631716700229,15.516023049481465,-58.71236817786189,-27.50655902360921,2019,8
6.805422609084656,6,6,1034,0,1.1232930476600547,37.72886954576719,38.13590631998166,13.184449711332729,-90.67784759166624,2017,5
7.053053142408283,4,3,770,0,2.6705321909731263,22.12212569633131,501.81142052564485,-12.500613543334307,163.97846721330055,2018,9
6.8536468127663985,4,5,824,0,2.215298707512192,20.82117729077867,115.7552768936479,-29.5997428546334,-60.90362318242329,2019,7
6.8,5,5,715,0,1.0218753342872018,24.70178093875426,24.086675189080523,-0.4311803381997039,124.04404279440853,2017,6
6.774417052305656,1,5,705,0,3.0843163931882156,16.209193661395936,10.511658953886876,-10.648218533704842,161.98394855694818,2015,5
6.6,0,6,670,0,3.734351221366024,11.558120151495741,35.75046323234099,-6.469248339362549,153.17404318074833,2014,5
7.0535513665180885,4,5,834,103,1.2904666231952941,14.530723371099826,28.682358619985493,1.9430152188602996,-158.45202502412945,2019,8
7.003205746389611,7,7,851,221,1.6779502510462347,34.78668968330577,58.49073556118067,9.647066602353302,132.84076178776925,2022,9
6.6,2,5,670,0,5.775111481492378,14.43830146212868,31.947115538967438,-9.937020203901715,160.87709966222468,2016,2
7.354533047274358,6,5,872,0,1.8668296947501735,15.726993563673059,38.81799570911537,10.502844654021956,149.68866401628676,2014,5
6.625046181860558,7,6,711,0,2.115067893919552,43.25046181860559,20.0,0.9470056550772066,-79.6848904272851,2014,9
7.194935423780272,7,8,1452,25,0.1341847047499823,103.8232474391021,14.180267326884117,17.311518363683785,-120.17007302534682,2019,5
7.389446429137505,0,5,843,624,0.0,16.16252499128243,173.09422503249274,-22.49938917019182,-175.12468407731865,2013,4
6.8,2,4,712,0,3.0340689403253633,16.94696861183782,11.773920023205534,-9.913854134675637,161.371692846942,2015,7
6.8,5,5,713,0,1.1065837206616618,22.624395150874214,43.53049393859277,-4.528082808973793,149.410501648083,2014,5
6.543439436551043,3,4,666,0,3.6345621413010756,14.434394365510428,16.52484507591657,38.105066361345074,143.34466320357555,2019,10
6.8599686369221295,5,5,757,0,3.6307050784710366,22.54945114613727,150.70172496928288,39.77766735567205,141.7134271959433,2020,3
6.758041344812226,3,5,732,0,4.276041554512319,14.484276465786046,11.935310086091695,2.9873780278455566,138.7193646723836,2015,8
6.53310759403369,5,4,694,0,2.673279866536718,11.979683463032103,17.758615883919184,42.86411848576599,149.3238122176327,2016,5
6.627166486985619,5,6,822,0,1.0775832434928097,14.950827044496679,45.45909748946346,-30.582310324364705,-70.97729899153474,2015,8
6.653962946351689,0,6,681,370,0.0,23.66872120062887,14.91314956010644,-9.984415005005399,161.63113132586938,2013,2
6.9,4,5,736,0,0.8090880260640155,37.497580139654254,24.863337317848053,53.82318089014703,-163.553509307724,2018,7
6.657200419920918,5,5,794,0,1.2098610707983417,16.860020996045915,20.699895019770423,-36.07410270937066,-73.39694481271039,2017,10
7.676855401430631,9,6,1808,62,1.5403512232103798,35.952177384828715,17.65656184513687,19.175679955458822,-84.42550086555265,2020,2
7.0,7,6,758,0,5.004902291418904,21.65116982596453,11.566849032807639,-10.647199399106988,165.23858524118643,2015,6
6.5,0,3,650,23,0.00880675601574099,208.25069148837198,37.0,52.502,-168.08,2022,1
7.006011097201811,0,4,755,0,7.467605266090931,28.7103884020634,6.939889027981886,-58.031687125041564,-26.581832139767297,2017,7
6.611824136718703,0,4,672,0,6.027445875693552,19.236482734374068,13.04307760742269,-56.1501789054464,-26.476682468772157,2016,5
6.7,6,7,721,0,1.0480780563404068,41.32036251212396,19.533976089065035,-17.603185813583092,-71.76097137385092,2014,3
6.5,6,4,691,0,2.6409088267267786,29.72034406066638,12.52281226102586,8.889187490900577,-76.3111558239713,2014,5
6.8953071847023955,4,6,735,0,0.42316390007863525,37.169802033934175,31.04606746975564,52.57394294925297,-168.83518316086378,2015,6
7.033075030467051,4,4,838,0,4.003267883813473,34.7234932972487,222.67945917415116,-29.210381979165625,-55.677989914876285,2018,5
7.1,4,6,787,0,1.3406483858212717,14.86935476784843,39.633179602025876,1.771430964992519,126.47459308648456,2016,11
6.785541506165832,2,3,708,0,4.714612972389709,21.289169876683353,492.0456295726486,-20.455696422778978,-178.3799312803444,2017,6
7.0,6,6,755,0,0.6570873216171806,14.236020995407452,23.724642172024637,-16.17134065885911,167.43741519636333,2016,3
7.9301385024024516,9,4,1876,0,2.4417667673323504,29.17119118393259,14.691401625331356,49.40531600700251,-143.32729806807552,2017,1
6.6,3,5,674,0,0.70882447200462,26.554423845702544,19.248726826415364,-21.60385994428986,168.77921307796606,2017,11
7.161817793769931,3,6,793,0,1.634397783365676,18.52728824920277,170.50902494088822,52.381297413036386,156.71573594436163,2016,1
7.738915085865906,6,4,937,0,2.2530700117976603,17.369497137803137,632.2006308306266,-19.18020094122129,178.15394451255435,2018,9
6.794111949710526,1,7,711,669,0.0,13.40740849032237,37.690393085197364,33.1043075049887,140.55135154691789,2013,2
6.5,4,5,660,0,0.961730907442341,37.28016155085602,25.0116032704394,50.6166074701148,-159.90820064308988,2018,8
6.6210617066381054,4,4,692,0,1.3961154707173626,99.31851199143166,10.0,34.52200057435669,-117.43354943669264,2016,9
7.9,8,7,983,0,3.0809922874162794,11.025229170557953,130.9495416588841,2.8040375895049365,158.84280576506592,2016,1
7.0930016834810825,0,4,782,0,6.725136463710799,21.5396296341617,142.37774413534854,-55.47713289501098,-29.448693157164698,2018,11
6.96337451776459,8,6,1186,0,0.3310064441035059,33.59167738300912,87.90116796518453,13.886150783922506,-91.15805205996924,2016,5
7.762675615284608,9,6,1828,0,1.9751832069281936,24.119731541461757,37.36263507435044,14.148030052103323,-78.02764667477757,2019,1
6.5,6,7,661,0,0.23432924048995946,56.6577129663519,9.328856483175949,-42.511977245349904,173.390475440518,2016,11
7.186917425036931,9,6,1702,0,0.8225994624663093,34.337591843149866,23.287381293768405,-14.22403752290339,-74.46258914803091,2018,2
6.923750905279078,5,5,758,0,3.473924694109186,21.441708913023657,139.6958725620934,37.52047944983068,147.8076386697141,2018,3
6.5704709411581055,0,3,664,0,8.163389561916603,18.409418823162124,9.36232470735151,-59.01317972273443,-24.839480650588445,2019,7
6.6,3,5,671,0,1.522354971565357,22.902956878147403,22.0,-13.312658133650284,161.53848355836232,2015,8
7.424334897462337,3,6,874,0,2.1466793399364192,18.453990615225976,11.36197184567793,-24.28144713000569,170.8977782631271,2017,11
6.886337866855797,4,6,732,513,0.0,20.26281173938551,37.037981388181166,42.51189468753415,158.46969288490544,2013,2
7.538019897219106,9,7,1014,0,1.4968813114002884,12.126732990730357,30.976240904213675,3.3127000612438877,155.52268527838777,2016,11
7.647180023092092,9,7,2589,0,1.0733598745964503,22.55281997690791,26.72006106341333,16.863035241105642,-82.61132417351513,2019,8
6.677906086188679,5,6,839,0,1.318284098658112,5.040672442012574,18.895304309433953,30.22411637133001,-111.95149294694924,2013,5
6.7160438287107445,0,3,694,0,3.4003678237062758,30.60438287107447,561.4088236787601,-18.919006201065095,-178.77713823424867,2018,10
8.223137916921663,9,8,1942,0,1.3234925312117674,18.487586112811083,48.09400126211308,-24.972752926063166,-72.59554082430516,2016,7
7.0,7,5,760,0,4.233784277164201,23.553945156537278,10.61151371086568,-15.129855111342938,167.16423659381152,2017,5
7.616318836080048,7,7,931,0,0.5658447514935324,15.75521745879928,12.44782541200721,-4.591985734889674,153.3093171948941,2018,5
6.500518486277398,4,6,678,697,0.0,26.939337105544354,29.90148760729425,12.052667913457093,-85.73641619431312,2013,5
6.9,4,5,735,0,0.7152649715024443,37.883683244845905,25.92640786747573,53.45127350912293,-165.06780568628565,2017,7
7.661145209297592,7,6,910,0,3.669879304664063,12.805726046487958,19.28629497787562,53.37885644433541,166.6885141308986,2017,6
7.271623633200028,8,6,982,0,1.001525691474078,16.723063494001302,40.82291463719916,15.628581088149136,-92.97269502482655,2014,10
7.139678382721389,0,5,784,0,6.550988054254779,21.587135308855554,111.17688950323614,-57.63052909724737,-26.603712069819476,2017,9
6.51015370620788,4,4,687,0,1.2073386084817266,21.218444744945526,20.0,12.148791838231597,-59.16495595681214,2014,6
6.6886617148950664,6,5,688,0,6.82410217602631,18.88661714895066,25.24721136154274,-13.98526973817657,166.65245909561338,2016,3
6.6,1,5,670,0,3.5484111839472776,12.972383228126295,52.35624965713285,-6.001757380075885,148.40399725522943,2014,11
7.5,4,7,867,0,2.3583661388434143,19.47318937304535,50.1021987347529,-6.006632895535581,153.2011544440467,2014,4
6.8,5,5,713,0,1.2261505206872763,21.246103507927653,41.80762938490957,-2.060630652479781,140.72657515169817,2014,7
6.56720261352952,6,4,672,0,0.8690831466340998,53.59163410586721,16.048235217656796,51.52104318708482,-155.44494842906545,2020,3
7.834369466505054,9,4,1850,0,2.280474324583449,28.687389330101073,14.322522133979785,43.998565921503925,-126.06077068310412,2018,1
7.193024970036646,8,7,1793,0,0.25690395891787215,4.031082034921349,41.76347492338863,54.8459546312942,-138.91619193060134,2018,9
